{
	"myobj": [{
    "question": "Which of the following is a client site language?",
    "a": "Java",
    "b": "C",
    "c": "Python",
    "d": "JavaScript"
   
},
{
    "question": "What does HTML stand for?",
    "a": "Hypertext Markup Language",
    "b": "Cascading Style Sheet",
    "c": "Jason Object Notation",
    "d": "Helicopters Terminals Motorboats Lamborginis"
    
},
{
    "question": "What year was JavaScript launched?",
    "a": "1996",
    "b": "1995",
    "c": "1994",
    "d": "none of the above"
    
},
{
    "question": "What does CSS stands for?",
    "a": "Hypertext Markup Language",
    "b": "Cascading Style Sheet",
    "c": "Jason Object Notation",
    "d": "Helicopters Terminals Motorboats Lamborginis"
    
},
{

"question": "find the next series?<img src=\"quez.jpg\" width=\"540\" height=\"130\">",
"a": "A",
"b": "B",
"c": "C",
"d": "D"


}


]
}